seq,task_id,title,category,implementation_status,requirement_ref,screen,route,page_entry,depends_on,priority,detail_file,wave_id
1,COMP-GLOBAL-SHELL,전역 Header/Footer/RootLayout 조립,COMPONENT,IMPLEMENT,REQ-FUNC-064; REQ-FUNC-065; REQ-FUNC-079; REQ-NF-023,COMMON,전체 5개 Route,—,,Must,TASKS/TASK-COMP-GLOBAL-SHELL.md,W01
2,COMP-GLOBAL-SEO-METADATA,페이지별 SEO 메타데이터 유틸,COMPONENT,IMPLEMENT,REQ-FUNC-070; REQ-NF-030,COMMON,전체 5개 Route,—,COMP-GLOBAL-SHELL,Must,TASKS/TASK-COMP-GLOBAL-SEO-METADATA.md,W01
3,COMP-GLOBAL-TOAST,전역 Toast/화면 상태 알림 컴포넌트,COMPONENT,IMPLEMENT(변형),REQ-FUNC-043,COMMON,전체 5개 Route,—,COMP-GLOBAL-SHELL,Must,TASKS/TASK-COMP-GLOBAL-TOAST.md,W01
4,COMP-SCR001-HERO-SEARCH,SCR-001 검색 Hero,COMPONENT,IMPLEMENT,REQ-FUNC-003; REQ-FUNC-067,SCR-001,/,—,COMP-GLOBAL-SHELL,Must,TASKS/TASK-COMP-SCR001-HERO-SEARCH.md,W05
5,COMP-SCR001-DESTINATION-DIRECTORY,국내/해외 여행지 Card Grid + 상세 Drawer,COMPONENT,IMPLEMENT(변형),REQ-FUNC-001; REQ-FUNC-002; REQ-FUNC-004; REQ-FUNC-005; REQ-FUNC-006; REQ-FUNC-007; REQ-FUNC-009; REQ-FUNC-068,SCR-001,/,—,COMP-GLOBAL-SHELL; DATA-DESTINATIONS; DATA-SAFETY,Must,TASKS/TASK-COMP-SCR001-DESTINATION-DIRECTORY.md,W05
6,COMP-SCR001-THEME-CHIPS,여행 동기·테마 Chip 필터,COMPONENT,IMPLEMENT,REQ-FUNC-002,SCR-001,/,—,COMP-SCR001-DESTINATION-DIRECTORY,Must,TASKS/TASK-COMP-SCR001-THEME-CHIPS.md,W05
7,COMP-SCR001-SAFETY,국가별 주의사항 Card Grid + 안전정보 Drawer,COMPONENT,IMPLEMENT(변형),REQ-FUNC-047; REQ-FUNC-048; REQ-FUNC-049; REQ-FUNC-050; REQ-FUNC-051; REQ-FUNC-052; REQ-FUNC-053; REQ-FUNC-054,SCR-001,/,—,COMP-GLOBAL-SHELL; DATA-SAFETY,Must,TASKS/TASK-COMP-SCR001-SAFETY.md,W05
8,COMP-SCR001-MATE-PREVIEW,최근 동행글 미리보기(Empty State 포함),COMPONENT,IMPLEMENT,REQ-FUNC-030,SCR-001,/,—,COMP-GLOBAL-SHELL; API-MATES-CRUD,Must,TASKS/TASK-COMP-SCR001-MATE-PREVIEW.md,W05
9,COMP-SCR001-CURATOR-SUMMARY,free_traveler 요약 섹션,COMPONENT,IMPLEMENT,REQ-FUNC-057,SCR-001,/,—,COMP-GLOBAL-SHELL; DATA-REPRESENTATIVE,Should,TASKS/TASK-COMP-SCR001-CURATOR-SUMMARY.md,W05
10,PAGE-SCR001,SCR-001 메인 페이지 조립(`/`),PAGE_OWNER,IMPLEMENT(변형),REQ-FUNC-001; REQ-FUNC-002; REQ-FUNC-003; REQ-FUNC-004; REQ-FUNC-005; REQ-FUNC-006; REQ-FUNC-007; REQ-FUNC-009; REQ-FUNC-047; REQ-FUNC-048; REQ-FUNC-049; REQ-FUNC-050; REQ-FUNC-051; REQ-FUNC-052; REQ-FUNC-053; REQ-FUNC-054; REQ-FUNC-067; REQ-FUNC-068,SCR-001,/,src/app/page.tsx,COMP-GLOBAL-SHELL; COMP-GLOBAL-SEO-METADATA; COMP-SCR001-HERO-SEARCH; COMP-SCR001-DESTINATION-DIRECTORY; COMP-SCR001-THEME-CHIPS; COMP-SCR001-SAFETY; COMP-SCR001-MATE-PREVIEW; COMP-SCR001-CURATOR-SUMMARY; DATA-DESTINATIONS; DATA-SAFETY; DATA-REPRESENTATIVE,Must,TASKS/TASK-PAGE-SCR001.md,W05
11,COMP-SCR002-PROFILE-HERO,대표 소개 Hero,COMPONENT,IMPLEMENT(변형),REQ-FUNC-057; REQ-FUNC-061,SCR-002,/about,—,COMP-GLOBAL-SHELL; DATA-REPRESENTATIVE,Must,TASKS/TASK-COMP-SCR002-PROFILE-HERO.md,W06
12,COMP-SCR002-STATS-AND-INTRO,여행 지표 + 소개·철학 Section,COMPONENT,IMPLEMENT,REQ-FUNC-057; REQ-FUNC-058,SCR-002,/about,—,COMP-GLOBAL-SHELL; DATA-REPRESENTATIVE,Must,TASKS/TASK-COMP-SCR002-STATS-AND-INTRO.md,W06
13,COMP-SCR002-TIMELINE,여행 Timeline,COMPONENT,IMPLEMENT,REQ-FUNC-060,SCR-002,/about,—,COMP-GLOBAL-SHELL; DATA-REPRESENTATIVE,Must,TASKS/TASK-COMP-SCR002-TIMELINE.md,W06
14,COMP-SCR002-COUNTRY-CHIPS,방문 국가 권역별 Chip,COMPONENT,IMPLEMENT,REQ-FUNC-059,SCR-002,/about,—,COMP-GLOBAL-SHELL; DATA-REPRESENTATIVE,Must,TASKS/TASK-COMP-SCR002-COUNTRY-CHIPS.md,W06
15,COMP-SCR002-GALLERY,여행 Gallery,COMPONENT,IMPLEMENT,REQ-FUNC-061,SCR-002,/about,—,COMP-GLOBAL-SHELL; DATA-REPRESENTATIVE,Should,TASKS/TASK-COMP-SCR002-GALLERY.md,W06
16,COMP-SCR002-MEMORABLE-CTA,기억에 남는 여행지 4개 + CTA Banner,COMPONENT,IMPLEMENT,REQ-FUNC-063,SCR-002,/about,—,COMP-GLOBAL-SHELL; DATA-REPRESENTATIVE,Should,TASKS/TASK-COMP-SCR002-MEMORABLE-CTA.md,W06
17,PAGE-SCR002,SCR-002 대표 소개 페이지 조립(`/about`),PAGE_OWNER,IMPLEMENT(변형),REQ-FUNC-057; REQ-FUNC-058; REQ-FUNC-059; REQ-FUNC-060; REQ-FUNC-061; REQ-FUNC-062; REQ-FUNC-063,SCR-002,/about,src/app/about/page.tsx,COMP-GLOBAL-SHELL; COMP-GLOBAL-SEO-METADATA; COMP-SCR002-PROFILE-HERO; COMP-SCR002-STATS-AND-INTRO; COMP-SCR002-TIMELINE; COMP-SCR002-COUNTRY-CHIPS; COMP-SCR002-GALLERY; COMP-SCR002-MEMORABLE-CTA; DATA-REPRESENTATIVE,Should,TASKS/TASK-PAGE-SCR002.md,W06
18,COMP-SCR003-INTRO-TABS,이용 안내 3단계 + 탭바,COMPONENT,IMPLEMENT,REQ-FUNC-015; REQ-FUNC-023,SCR-003,/travel-tools,—,COMP-GLOBAL-SHELL,Must,TASKS/TASK-COMP-SCR003-INTRO-TABS.md,W07
19,COMP-SCR003-FLIGHT-FORM,항공 조건 입력·검증·요약·외부 이동,COMPONENT,IMPLEMENT,REQ-FUNC-011; REQ-FUNC-012; REQ-FUNC-013; REQ-FUNC-014; REQ-FUNC-015; REQ-FUNC-016; REQ-FUNC-017; REQ-FUNC-018; REQ-NF-017,SCR-003,/travel-tools,—,COMP-SCR003-INTRO-TABS; API-DATE-VALIDATION-UTIL,Must,TASKS/TASK-COMP-SCR003-FLIGHT-FORM.md,W07
20,COMP-SCR003-HOTEL-FORM,숙소 조건 입력·검증·요약·외부 이동,COMPONENT,IMPLEMENT,REQ-FUNC-019; REQ-FUNC-020; REQ-FUNC-021; REQ-FUNC-022; REQ-FUNC-023; REQ-FUNC-024; REQ-FUNC-025; REQ-FUNC-026; REQ-NF-017,SCR-003,/travel-tools,—,COMP-SCR003-INTRO-TABS; API-DATE-VALIDATION-UTIL; COMP-SCR003-FLIGHT-FORM,Must,TASKS/TASK-COMP-SCR003-HOTEL-FORM.md,W07
21,COMP-SCR003-TIPS,비전달 고지 + 이용 Tip 3개,COMPONENT,IMPLEMENT,REQ-FUNC-015; REQ-FUNC-023,SCR-003,/travel-tools,—,COMP-SCR003-FLIGHT-FORM; COMP-SCR003-HOTEL-FORM,Should,TASKS/TASK-COMP-SCR003-TIPS.md,W07
22,COMP-SCR003-MATE-COMPOSE,동행 모집글 작성 Form(연락처 탐지·안전수칙 동의),COMPONENT,IMPLEMENT(변형),REQ-FUNC-031; REQ-FUNC-032; REQ-FUNC-080,SCR-003,/travel-tools,—,COMP-SCR003-INTRO-TABS; API-CONTACT-DETECTION-UTIL; API-MATES-CRUD; COMP-GLOBAL-TOAST; DATA-POLICY-CONTENT,Must,TASKS/TASK-COMP-SCR003-MATE-COMPOSE.md,W07
23,COMP-SCR003-MATE-LOGIN-GATE,동행 탭 로그인·성인확인 게이트,COMPONENT,IMPLEMENT,REQ-FUNC-027; REQ-FUNC-028,SCR-003,/travel-tools,—,COMP-SCR003-INTRO-TABS,Must,TASKS/TASK-COMP-SCR003-MATE-LOGIN-GATE.md,W07
24,PAGE-SCR003,SCR-003 통합 여행 준비 페이지 조립(`/travel-tools`),PAGE_OWNER,IMPLEMENT,REQ-FUNC-011; REQ-FUNC-012; REQ-FUNC-013; REQ-FUNC-014; REQ-FUNC-015; REQ-FUNC-016; REQ-FUNC-018; REQ-FUNC-019; REQ-FUNC-020; REQ-FUNC-021; REQ-FUNC-022; REQ-FUNC-023; REQ-FUNC-024; REQ-FUNC-026; REQ-FUNC-027; REQ-FUNC-028; REQ-FUNC-031; REQ-FUNC-032; REQ-FUNC-054; REQ-FUNC-080,SCR-003,/travel-tools,src/app/travel-tools/page.tsx,COMP-GLOBAL-SHELL; COMP-GLOBAL-SEO-METADATA; COMP-SCR003-INTRO-TABS; COMP-SCR003-FLIGHT-FORM; COMP-SCR003-HOTEL-FORM; COMP-SCR003-TIPS; COMP-SCR003-MATE-COMPOSE; COMP-SCR003-MATE-LOGIN-GATE,Must,TASKS/TASK-PAGE-SCR003.md,W07
25,COMP-SCR004-INTRO,동행 찾기 Intro + 작성 CTA,COMPONENT,IMPLEMENT,REQ-FUNC-064,SCR-004,/mates,—,COMP-GLOBAL-SHELL,Must,TASKS/TASK-COMP-SCR004-INTRO.md,W08
26,COMP-SCR004-FILTER-BAR,국가·지역·기간·모집 상태 Filter,COMPONENT,IMPLEMENT,REQ-FUNC-030,SCR-004,/mates,—,COMP-GLOBAL-SHELL; API-MATES-CRUD,Must,TASKS/TASK-COMP-SCR004-FILTER-BAR.md,W08
27,COMP-SCR004-POST-LIST,"동행글 목록(최대 8개, Empty State 포함)",COMPONENT,IMPLEMENT,REQ-FUNC-033; REQ-FUNC-037,SCR-004,/mates,—,COMP-SCR004-FILTER-BAR; API-MATE-AUTOCLOSE,Must,TASKS/TASK-COMP-SCR004-POST-LIST.md,W08
28,COMP-SCR004-DETAIL-PANEL,동행글 상세 패널(Desktop 분할/Mobile Drawer),COMPONENT,IMPLEMENT,REQ-FUNC-033; REQ-FUNC-036,SCR-004,/mates,—,COMP-SCR004-POST-LIST,Must,TASKS/TASK-COMP-SCR004-DETAIL-PANEL.md,W09
29,COMP-SCR004-APPLICATION-FORM,참가 요청 제출 Form,COMPONENT,IMPLEMENT,REQ-FUNC-034; REQ-FUNC-035; REQ-FUNC-043,SCR-004,/mates,—,COMP-SCR004-DETAIL-PANEL; API-APPLICATIONS; COMP-GLOBAL-TOAST,Must,TASKS/TASK-COMP-SCR004-APPLICATION-FORM.md,W09
30,COMP-SCR004-REPORT-BLOCK-ACTIONS,신고·차단 액션,COMPONENT,IMPLEMENT,REQ-FUNC-039; REQ-FUNC-040,SCR-004,/mates,—,COMP-SCR004-DETAIL-PANEL; API-REPORTS; API-BLOCKS; COMP-GLOBAL-TOAST,Must,TASKS/TASK-COMP-SCR004-REPORT-BLOCK-ACTIONS.md,W09
31,COMP-SCR004-STEP-GUIDE-AND-SAFETY,신청 방법 3단계 + 안전 CTA Banner,COMPONENT,IMPLEMENT,REQ-FUNC-064,SCR-004,/mates,—,COMP-GLOBAL-SHELL,Should,TASKS/TASK-COMP-SCR004-STEP-GUIDE-AND-SAFETY.md,W08
32,PAGE-SCR004,SCR-004 동행 조회 페이지 조립(`/mates`),PAGE_OWNER,IMPLEMENT(변형),REQ-FUNC-030; REQ-FUNC-033; REQ-FUNC-034; REQ-FUNC-035; REQ-FUNC-036; REQ-FUNC-037; REQ-FUNC-039; REQ-FUNC-040; REQ-FUNC-043,SCR-004,/mates,src/app/mates/page.tsx,COMP-GLOBAL-SHELL; COMP-GLOBAL-SEO-METADATA; COMP-SCR004-INTRO; COMP-SCR004-FILTER-BAR; COMP-SCR004-POST-LIST; COMP-SCR004-DETAIL-PANEL; COMP-SCR004-APPLICATION-FORM; COMP-SCR004-REPORT-BLOCK-ACTIONS; COMP-SCR004-STEP-GUIDE-AND-SAFETY; API-MATES-CRUD,Must,TASKS/TASK-PAGE-SCR004.md,W09
33,COMP-SCR005-GUEST-AUTH,Guest 로그인/가입/비밀번호 재설정,COMPONENT,IMPLEMENT,REQ-FUNC-066,SCR-005,/account,—,COMP-GLOBAL-SHELL; API-AUTH-CALLBACK,Must,TASKS/TASK-COMP-SCR005-GUEST-AUTH.md,W10
34,COMP-SCR005-PROFILE-AND-CONSENT,프로필·성인확인·정책 동의 요약,COMPONENT,IMPLEMENT,REQ-FUNC-028; REQ-FUNC-029; REQ-FUNC-080,SCR-005,/account,—,COMP-SCR005-GUEST-AUTH; DATA-POLICY-CONTENT,Must,TASKS/TASK-COMP-SCR005-PROFILE-AND-CONSENT.md,W10
35,COMP-SCR005-MY-ACTIVITY,내 활동(글/요청/차단/즐겨찾기),COMPONENT,IMPLEMENT,REQ-FUNC-036; REQ-FUNC-038; REQ-FUNC-040; REQ-FUNC-043; REQ-FUNC-068,SCR-005,/account,—,COMP-SCR005-GUEST-AUTH; API-MATES-CRUD; API-APPLICATIONS; API-BLOCKS; COMP-GLOBAL-TOAST,Must,TASKS/TASK-COMP-SCR005-MY-ACTIVITY.md,W10
36,COMP-SCR005-ADMIN-REPORT-QUEUE,관리자 신고 큐,COMPONENT,IMPLEMENT(변형),REQ-FUNC-041; REQ-FUNC-042,SCR-005,/account,—,COMP-SCR005-GUEST-AUTH; API-ADMIN-REPORTS,Must,TASKS/TASK-COMP-SCR005-ADMIN-REPORT-QUEUE.md,W10
37,COMP-SCR005-ADMIN-URL-SETTINGS,관리자 외부 URL 설정,COMPONENT,IMPLEMENT,REQ-FUNC-077,SCR-005,/account,—,COMP-SCR005-GUEST-AUTH; API-ADMIN-OUTBOUND-SETTINGS,Must,TASKS/TASK-COMP-SCR005-ADMIN-URL-SETTINGS.md,W10
38,PAGE-SCR005,SCR-005 계정·관리 페이지 조립(`/account`),PAGE_OWNER,IMPLEMENT(변형),REQ-FUNC-027; REQ-FUNC-028; REQ-FUNC-029; REQ-FUNC-036; REQ-FUNC-038; REQ-FUNC-040; REQ-FUNC-041; REQ-FUNC-042; REQ-FUNC-043; REQ-FUNC-066; REQ-FUNC-068; REQ-FUNC-077; REQ-FUNC-080,SCR-005,/account,src/app/account/page.tsx,COMP-GLOBAL-SHELL; COMP-GLOBAL-SEO-METADATA; COMP-SCR005-GUEST-AUTH; COMP-SCR005-PROFILE-AND-CONSENT; COMP-SCR005-MY-ACTIVITY; COMP-SCR005-ADMIN-REPORT-QUEUE; COMP-SCR005-ADMIN-URL-SETTINGS; DB-RLS-BASE,Must,TASKS/TASK-PAGE-SCR005.md,W10
39,DATA-DESTINATIONS,국내·해외 여행지 정적 데이터,DATA,IMPLEMENT(변형),REQ-FUNC-001; REQ-FUNC-004; REQ-FUNC-007; REQ-FUNC-008; REQ-FUNC-009; REQ-NF-006,SCR-001,/,—,,Must,TASKS/TASK-DATA-DESTINATIONS.md,W01
40,DATA-SAFETY,국가별 안전정보 정적 데이터,DATA,IMPLEMENT,REQ-FUNC-046; REQ-FUNC-047; REQ-FUNC-048; REQ-FUNC-052; REQ-FUNC-053,SCR-001,/,—,,Must,TASKS/TASK-DATA-SAFETY.md,W01
41,DATA-REPRESENTATIVE,대표(free_traveler) 프로필 정적 데이터,DATA,IMPLEMENT(변형),REQ-FUNC-057; REQ-FUNC-058; REQ-FUNC-059; REQ-FUNC-060; REQ-FUNC-061; REQ-FUNC-062; REQ-FUNC-063,SCR-002,/about,—,,Must,TASKS/TASK-DATA-REPRESENTATIVE.md,W01
42,DATA-POLICY-CONTENT,이용약관·개인정보·안전수칙·면책 정적 페이지 콘텐츠,DATA,IMPLEMENT(변형),REQ-FUNC-080,COMMON,전체 5개 Route,—,,Must,TASKS/TASK-DATA-POLICY-CONTENT.md,W02
43,DATA-CONTENT-COMPLETENESS-CHECK,콘텐츠 완전성·수량 검증 스크립트,DATA,IMPLEMENT(변형),REQ-FUNC-008; REQ-FUNC-074; REQ-NF-026; REQ-NF-027,—,—,—,DATA-DESTINATIONS; DATA-SAFETY,Must,TASKS/TASK-DATA-CONTENT-COMPLETENESS-CHECK.md,W02
44,DB-SCHEMA-BASE,Supabase 6개 테이블 스키마 생성,DB,IMPLEMENT,REQ-FUNC-029; REQ-FUNC-031; REQ-FUNC-034; REQ-FUNC-039; REQ-FUNC-040; REQ-FUNC-077,—,—,—,INFRA-SUPABASE-PROJECT,Must,TASKS/TASK-DB-SCHEMA-BASE.md,W03
45,DB-RLS-BASE,Row Level Security 정책,DB,IMPLEMENT,REQ-FUNC-044; REQ-NF-013,—,—,—,DB-SCHEMA-BASE,Must,TASKS/TASK-DB-RLS-BASE.md,W03
46,DB-ACCESS,데이터 접근 레이어(Server Actions/Query 함수),DB,IMPLEMENT,REQ-FUNC-030; REQ-FUNC-035; REQ-FUNC-036; REQ-FUNC-037,—,—,—,DB-SCHEMA-BASE; DB-RLS-BASE,Must,TASKS/TASK-DB-ACCESS.md,W03
47,DB-SEED-BASE,개발용 시드 데이터,DB,IMPLEMENT,,—,—,—,DB-SCHEMA-BASE,Should,TASKS/TASK-DB-SEED-BASE.md,W03
48,API-AUTH-CALLBACK,Supabase Auth 콜백 Route,API,IMPLEMENT,REQ-FUNC-066,—,/auth/callback,—,INFRA-SUPABASE-PROJECT,Must,TASKS/TASK-API-AUTH-CALLBACK.md,W03
49,API-CONTACT-DETECTION-UTIL,연락처 패턴 탐지 유틸,API,IMPLEMENT,REQ-FUNC-032,—,—,—,,Must,TASKS/TASK-API-CONTACT-DETECTION-UTIL.md,W02
50,API-DATE-VALIDATION-UTIL,여행 날짜 검증 유틸,API,IMPLEMENT,REQ-FUNC-013; REQ-FUNC-021,—,—,—,,Must,TASKS/TASK-API-DATE-VALIDATION-UTIL.md,W02
51,API-MATE-AUTOCLOSE,동행글 자동 마감 계산 로직,API,IMPLEMENT(변형),REQ-FUNC-037,—,—,—,DB-ACCESS,Must,TASKS/TASK-API-MATE-AUTOCLOSE.md,W03
52,API-MATES-CRUD,동행 모집글 API Route,API,IMPLEMENT,REQ-FUNC-031; REQ-FUNC-032; REQ-FUNC-033; REQ-FUNC-038,—,/api/mates,—,DB-ACCESS; API-CONTACT-DETECTION-UTIL,Must,TASKS/TASK-API-MATES-CRUD.md,W04
53,API-APPLICATIONS,참가 요청 API Route,API,IMPLEMENT,REQ-FUNC-034; REQ-FUNC-035; REQ-FUNC-036; REQ-FUNC-043,—,"/api/mates/[id]/applications, /api/applications/[id]",—,DB-ACCESS,Must,TASKS/TASK-API-APPLICATIONS.md,W04
54,API-BLOCKS,차단 API Route,API,IMPLEMENT,REQ-FUNC-040,—,/api/blocks,—,DB-ACCESS,Must,TASKS/TASK-API-BLOCKS.md,W04
55,API-REPORTS,신고 API Route,API,IMPLEMENT,REQ-FUNC-039,—,/api/reports,—,DB-ACCESS,Must,TASKS/TASK-API-REPORTS.md,W04
56,API-ADMIN-REPORTS,관리자 신고 처리 API Route,API,IMPLEMENT(변형),REQ-FUNC-041; REQ-FUNC-042,—,/api/admin/reports,—,DB-ACCESS,Must,TASKS/TASK-API-ADMIN-REPORTS.md,W04
57,API-ADMIN-OUTBOUND-SETTINGS,관리자 외부 URL 설정 API Route,API,IMPLEMENT,REQ-FUNC-077,—,/api/admin/settings/outbound,—,DB-ACCESS,Must,TASKS/TASK-API-ADMIN-OUTBOUND-SETTINGS.md,W04
58,API-ERROR-PAGES,404/500 오류 복구 화면,API,IMPLEMENT,REQ-FUNC-078,—,not-found / error boundary,—,COMP-GLOBAL-SHELL,Must,TASKS/TASK-API-ERROR-PAGES.md,W02
59,API-SECURITY-BASELINE,CSRF/XSS 방어 기본 설정,API,IMPLEMENT,REQ-NF-014; REQ-NF-015,—,—,—,DB-ACCESS,Must,TASKS/TASK-API-SECURITY-BASELINE.md,W04
60,UNIT-TRAVEL-DATES,날짜 검증 Unit Test,UNIT_TEST,IMPLEMENT,REQ-FUNC-013; REQ-FUNC-021,—,—,—,API-DATE-VALIDATION-UTIL,Must,TASKS/TASK-UNIT-TRAVEL-DATES.md,W11
61,UNIT-CONTACT-DETECTION,연락처 탐지 Unit Test,UNIT_TEST,IMPLEMENT,REQ-FUNC-032,—,—,—,API-CONTACT-DETECTION-UTIL,Must,TASKS/TASK-UNIT-CONTACT-DETECTION.md,W11
62,UNIT-MATE-STATE,동행글/참가요청 상태 전이 Unit Test,UNIT_TEST,IMPLEMENT,REQ-FUNC-035; REQ-FUNC-036; REQ-FUNC-037,—,—,—,DB-ACCESS; API-MATE-AUTOCLOSE,Must,TASKS/TASK-UNIT-MATE-STATE.md,W11
63,TEST-RLS-BASIC,RLS 기본 정책 Integration Test,UNIT_TEST,IMPLEMENT,REQ-FUNC-044; REQ-NF-013,—,—,—,DB-RLS-BASE; DB-ACCESS,Must,TASKS/TASK-TEST-RLS-BASIC.md,W11
64,E2E-PUBLIC-SMOKE,Playwright 공개 화면 Smoke(비로그인),E2E_TEST,IMPLEMENT,REQ-FUNC-001; REQ-FUNC-002; REQ-FUNC-004; REQ-FUNC-006; REQ-FUNC-057; REQ-NF-024,"SCR-001, SCR-002","/, /about",—,PAGE-SCR001; PAGE-SCR002; API-ERROR-PAGES,Must,TASKS/TASK-E2E-PUBLIC-SMOKE.md,W11
65,E2E-TRAVEL-TOOLS,Playwright 여행 준비 흐름,E2E_TEST,IMPLEMENT,REQ-FUNC-013; REQ-FUNC-016; REQ-FUNC-021; REQ-FUNC-024,SCR-003,/travel-tools,—,PAGE-SCR003,Must,TASKS/TASK-E2E-TRAVEL-TOOLS.md,W12
66,E2E-MATE-AUTH,Playwright 동행 인증 흐름,E2E_TEST,IMPLEMENT,REQ-FUNC-027; REQ-FUNC-031; REQ-FUNC-034; REQ-FUNC-036; REQ-FUNC-039; REQ-FUNC-040; REQ-FUNC-066,"SCR-003, SCR-004, SCR-005","/travel-tools, /mates, /account",—,PAGE-SCR003; PAGE-SCR004; PAGE-SCR005,Must,TASKS/TASK-E2E-MATE-AUTH.md,W12
67,CI-PIPELINE,CI 파이프라인(TypeScript strict·Lint·Unit Test),CI_INFRA,IMPLEMENT,REQ-NF-031,—,—,—,UNIT-TRAVEL-DATES; UNIT-CONTACT-DETECTION; UNIT-MATE-STATE; TEST-RLS-BASIC; DATA-CONTENT-COMPLETENESS-CHECK,Must,TASKS/TASK-CI-PIPELINE.md,W12
68,INFRA-VERCEL-DEPLOY,Vercel 배포 및 환경변수 설정,CI_INFRA,IMPLEMENT,REQ-NF-012; REQ-NF-016; REQ-NF-034,—,—,—,,Must,TASKS/TASK-INFRA-VERCEL-DEPLOY.md,W13
69,INFRA-SUPABASE-PROJECT,Supabase 프로젝트 연결 확인,CI_INFRA,IMPLEMENT,,—,—,—,,Must,TASKS/TASK-INFRA-SUPABASE-PROJECT.md,W03
70,MANUAL-RESPONSIVE-CHECK,반응형 수동 확인(320px~1440px),MANUAL_CHECK,IMPLEMENT,REQ-FUNC-065,COMMON,전체 5개 Route,—,PAGE-SCR001; PAGE-SCR002; PAGE-SCR003; PAGE-SCR004; PAGE-SCR005,Must,TASKS/TASK-MANUAL-RESPONSIVE-CHECK.md,W12
71,MANUAL-A11Y-CHECK,핵심 흐름 키보드·스크린리더 수동 확인,MANUAL_CHECK,IMPLEMENT(변형),REQ-NF-023,COMMON,전체 5개 Route,—,E2E-PUBLIC-SMOKE; E2E-TRAVEL-TOOLS; E2E-MATE-AUTH,Should,TASKS/TASK-MANUAL-A11Y-CHECK.md,W12
72,RELEASE-CHECK-EXTERNAL-LINKS,배포 전 외부 링크 수동 점검,MANUAL_CHECK,IMPLEMENT,REQ-FUNC-016; REQ-FUNC-024; REQ-FUNC-049,"SCR-001, SCR-003","/, /travel-tools",—,PAGE-SCR001; PAGE-SCR003,Must,TASKS/TASK-RELEASE-CHECK-EXTERNAL-LINKS.md,W13
73,RELEASE-CHECK-CONTENT-GATE,배포 전 콘텐츠 완전성 게이트 실행 확인,MANUAL_CHECK,IMPLEMENT(변형),REQ-FUNC-074,—,—,—,DATA-CONTENT-COMPLETENESS-CHECK,Must,TASKS/TASK-RELEASE-CHECK-CONTENT-GATE.md,W13
